N;Beg;Mid;End;False
100;177.590000;153.640000;144.740000;167.640000;
200;164.150000;444.120000;161.960000;137.360000;
300;144.060000;134.840000;135.530000;199.640000;
400;211.060000;134.620000;156.160000;197.850000;
500;186.010000;181.910000;165.620000;164.390000;
600;200.090000;202.760000;215.510000;151.850000;
700;153.600000;162.190000;160.070000;220.230000;
800;164.220000;160.240000;178.060000;188.840000;
900;152.600000;153.280000;156.100000;182.610000;
1000;151.870000;171.440000;197.350000;175.520000;
1100;142.300000;165.350000;158.620000;162.390000;
1200;141.670000;157.170000;181.920000;159.450000;
1300;218.420000;157.140000;154.210000;159.200000;
1400;142.820000;171.070000;189.250000;225.550000;
1500;197.010000;171.010000;148.640000;203.840000;
1600;196.500000;210.540000;217.560000;201.140000;
1700;196.180000;177.120000;180.530000;227.720000;
1800;192.710000;170.690000;186.310000;181.050000;
1900;191.090000;169.820000;148.900000;213.570000;
2000;182.450000;168.980000;174.210000;190.220000;
2100;167.020000;163.290000;152.080000;174.830000;
2200;156.630000;187.540000;191.890000;181.910000;
2300;187.110000;167.920000;151.150000;173.350000;
2400;193.370000;161.850000;176.300000;193.950000;
2500;154.550000;157.630000;151.410000;173.310000;
2600;160.710000;147.450000;171.540000;172.610000;
2700;154.070000;185.610000;174.070000;201.480000;
2800;156.050000;148.350000;174.460000;172.790000;
2900;156.890000;148.430000;148.010000;176.170000;
3000;156.130000;147.170000;171.780000;173.520000;
3100;311.820000;190.000000;222.910000;187.330000;
3200;222.360000;199.330000;198.280000;172.620000;
3300;250.230000;159.290000;150.010000;174.070000;
3400;176.510000;213.320000;276.880000;169.020000;
3500;186.310000;160.520000;154.340000;507.050000;
3600;320.420000;222.740000;211.390000;166.950000;
3700;171.660000;150.460000;148.480000;150.820000;
3800;208.180000;152.230000;172.700000;152.920000;
3900;193.820000;145.800000;146.500000;233.430000;
4000;191.290000;146.250000;167.430000;151.840000;
4100;202.020000;147.260000;151.100000;212.930000;
4200;199.860000;146.720000;168.960000;394.020000;
4300;182.760000;146.920000;147.670000;232.100000;
4400;177.110000;146.070000;169.710000;227.120000;
4500;179.800000;148.150000;148.260000;153.980000;
4600;184.360000;233.410000;241.050000;215.580000;
4700;178.780000;148.610000;148.350000;205.570000;
4800;179.790000;146.440000;168.240000;202.810000;
4900;175.820000;144.690000;146.600000;188.490000;
5000;185.430000;148.330000;171.230000;187.350000;
5100;281.690000;345.860000;206.500000;218.570000;
5200;194.880000;151.880000;178.380000;235.950000;
5300;267.740000;645.120000;147.790000;191.260000;
5400;194.420000;160.440000;174.880000;190.380000;
5500;233.570000;208.010000;187.600000;205.580000;
5600;193.980000;204.600000;209.850000;185.430000;
5700;181.550000;148.230000;148.800000;207.530000;
5800;182.270000;148.600000;172.760000;192.640000;
5900;197.820000;159.650000;147.940000;617.830000;
6000;182.210000;202.700000;208.110000;181.380000;
6100;192.210000;203.070000;181.500000;185.910000;
6200;189.190000;187.480000;204.660000;180.450000;
6300;187.320000;167.840000;147.460000;205.040000;
6400;189.630000;164.320000;168.820000;231.960000;
6500;200.110000;196.780000;178.660000;179.590000;
6600;186.690000;198.320000;202.790000;179.270000;
6700;246.840000;211.240000;183.240000;258.880000;
6800;207.990000;183.430000;179.370000;215.310000;
6900;255.690000;197.040000;183.850000;317.460000;
7000;282.160000;190.050000;307.080000;195.270000;
7100;220.010000;178.520000;178.340000;298.910000;
7200;191.350000;244.810000;206.660000;214.300000;
7300;173.410000;169.400000;152.680000;203.880000;
7400;218.960000;246.530000;208.560000;221.130000;
7500;540.600000;178.970000;177.940000;189.760000;
7600;192.020000;179.590000;208.710000;187.060000;
7700;193.210000;183.190000;177.420000;185.460000;
7800;190.650000;175.920000;204.010000;186.420000;
7900;205.380000;182.320000;180.110000;204.260000;
8000;199.960000;184.290000;204.320000;179.550000;
8100;191.120000;182.620000;179.070000;219.690000;
8200;237.090000;330.100000;205.140000;176.850000;
8300;181.550000;181.040000;180.150000;173.670000;
8400;174.730000;181.000000;206.070000;578.640000;
8500;169.870000;180.040000;179.760000;215.820000;
8600;166.270000;226.160000;251.700000;213.550000;
8700;171.030000;253.820000;178.470000;196.010000;
8800;167.320000;215.170000;234.370000;213.910000;
8900;165.460000;207.290000;186.500000;193.590000;
9000;166.640000;191.530000;212.520000;186.800000;
9100;165.130000;187.020000;186.180000;186.620000;
9200;164.830000;204.150000;219.320000;175.990000;
9300;166.170000;186.910000;186.450000;278.670000;
9400;163.740000;185.750000;210.940000;184.820000;
9500;163.670000;184.070000;185.330000;198.860000;
9600;164.920000;184.960000;210.460000;196.980000;
9700;172.970000;205.510000;188.140000;174.580000;
9800;164.080000;187.240000;210.660000;188.000000;
9900;164.710000;185.070000;184.200000;176.760000;
10000;273.150000;201.990000;218.050000;180.880000;
10100;310.010000;340.850000;186.900000;193.350000;
10200;527.090000;207.820000;211.520000;238.190000;
10300;304.310000;193.340000;435.320000;260.230000;
10400;221.550000;569.500000;219.660000;183.120000;
10500;213.840000;196.930000;190.300000;174.160000;
10600;223.360000;202.880000;209.600000;222.390000;
10700;217.010000;454.740000;269.350000;178.480000;
10800;196.880000;186.840000;209.560000;180.250000;
10900;270.360000;289.540000;193.760000;283.900000;
11000;260.830000;286.190000;213.090000;238.170000;
11100;196.760000;186.760000;178.350000;294.920000;
11200;221.340000;194.270000;211.300000;325.210000;
11300;206.280000;182.050000;182.840000;174.600000;
11400;201.500000;215.850000;220.910000;175.630000;
11500;191.760000;182.420000;177.040000;240.530000;
11600;189.520000;175.760000;200.830000;169.720000;
11700;264.670000;261.720000;180.770000;302.400000;
11800;316.830000;193.130000;285.080000;276.740000;
11900;208.330000;234.850000;181.840000;242.060000;
12000;231.140000;265.230000;207.390000;316.950000;
12100;223.210000;183.580000;179.420000;222.630000;
12200;234.590000;179.060000;205.380000;185.500000;
12300;212.550000;181.730000;249.740000;220.820000;
12400;213.930000;189.240000;203.160000;213.420000;
12500;217.050000;191.670000;191.380000;223.360000;
12600;309.560000;188.830000;205.560000;199.790000;
12700;209.480000;181.340000;179.850000;178.530000;
12800;231.130000;186.770000;206.670000;240.130000;
12900;203.670000;181.100000;179.050000;178.610000;
13000;199.350000;180.870000;201.560000;173.590000;
13100;196.330000;178.860000;176.710000;223.950000;
13200;194.590000;177.920000;200.170000;173.390000;
13300;194.690000;231.260000;223.310000;221.020000;
13400;193.700000;181.900000;200.930000;173.130000;
13500;191.770000;178.820000;175.670000;223.900000;
13600;192.760000;177.560000;204.970000;220.050000;
13700;191.390000;176.850000;173.760000;217.220000;
13800;193.600000;218.700000;238.240000;203.050000;
13900;257.210000;191.410000;177.970000;204.290000;
14000;303.000000;195.620000;204.850000;319.790000;
14100;256.050000;197.170000;178.200000;217.210000;
14200;299.280000;318.250000;235.550000;209.170000;
14300;221.210000;283.190000;524.010000;741.970000;
14400;212.610000;189.950000;215.040000;209.220000;
14500;281.880000;188.690000;173.910000;232.510000;
14600;352.410000;298.130000;516.510000;227.590000;
14700;254.900000;222.160000;191.660000;223.160000;
14800;283.330000;219.260000;218.830000;278.200000;
14900;193.940000;207.540000;183.530000;197.970000;
15000;188.380000;190.290000;206.000000;195.900000;
15100;219.860000;197.740000;184.250000;219.090000;
15200;313.870000;345.540000;239.080000;374.880000;
15300;270.060000;212.320000;182.600000;286.910000;
15400;208.100000;185.570000;345.420000;198.780000;
15500;248.070000;199.740000;223.380000;203.850000;
15600;220.290000;185.150000;211.880000;288.130000;
15700;209.510000;180.700000;178.280000;196.990000;
15800;251.240000;185.100000;212.880000;199.850000;
15900;239.480000;260.170000;183.760000;217.190000;
16000;198.910000;205.320000;222.640000;211.240000;
16100;184.850000;185.910000;178.690000;203.190000;
16200;184.230000;179.070000;204.590000;200.910000;
16300;181.380000;178.780000;178.040000;185.770000;
16400;229.150000;180.010000;205.280000;181.560000;
16500;178.020000;177.500000;175.740000;180.550000;
16600;177.740000;178.060000;204.760000;220.310000;
16700;177.230000;178.300000;177.110000;180.840000;
16800;189.470000;206.140000;202.890000;209.180000;
16900;234.940000;201.670000;312.950000;205.600000;
17000;333.110000;217.550000;240.170000;268.290000;
17100;241.630000;270.900000;185.470000;531.550000;
17200;261.200000;182.580000;467.230000;201.910000;
17300;194.660000;196.540000;170.720000;290.380000;
17400;195.590000;216.250000;224.410000;197.090000;
17500;340.930000;228.690000;177.640000;252.940000;
17600;219.220000;183.920000;202.530000;270.680000;
17700;209.990000;185.090000;176.200000;233.300000;
17800;189.960000;177.100000;200.870000;219.630000;
17900;189.410000;212.200000;196.470000;248.770000;
18000;270.630000;236.280000;251.710000;226.110000;
18100;295.710000;274.290000;256.220000;545.600000;
18200;212.940000;181.570000;661.530000;203.200000;
18300;239.050000;273.230000;193.220000;204.530000;
18400;197.180000;212.890000;476.600000;193.700000;
18500;199.520000;185.710000;179.360000;218.080000;
18600;317.930000;188.390000;201.720000;211.270000;
18700;204.380000;184.800000;503.270000;207.540000;
18800;236.840000;207.600000;215.350000;459.760000;
18900;640.910000;217.810000;190.180000;225.350000;
19000;184.020000;247.110000;214.850000;211.730000;
19100;229.690000;185.110000;178.120000;256.510000;
19200;299.410000;180.670000;200.590000;218.310000;
19300;374.490000;202.110000;188.980000;208.210000;
19400;189.690000;458.970000;209.350000;199.390000;
19500;210.080000;216.170000;212.470000;221.800000;
19600;313.520000;203.090000;214.110000;214.640000;
19700;352.620000;208.610000;187.680000;278.600000;
19800;245.410000;503.860000;224.480000;316.870000;
19900;246.640000;253.810000;189.780000;225.260000;
20000;262.400000;217.990000;220.540000;216.570000;
20100;231.120000;206.040000;535.600000;220.240000;
20200;199.200000;653.790000;219.380000;200.300000;
20300;188.310000;194.960000;185.160000;189.780000;
20400;211.520000;199.380000;288.990000;196.240000;
20500;530.810000;217.740000;191.320000;215.630000;
20600;239.730000;337.730000;228.520000;205.750000;
20700;215.220000;197.060000;190.780000;201.790000;
20800;196.170000;305.870000;258.690000;201.070000;
20900;200.350000;226.890000;218.690000;237.570000;
21000;676.410000;212.590000;229.590000;209.720000;
21100;204.030000;206.300000;199.170000;209.550000;
21200;196.860000;201.250000;225.590000;194.400000;
21300;199.200000;206.030000;198.810000;196.370000;
21400;192.550000;197.890000;228.230000;235.080000;
21500;194.440000;217.520000;207.730000;247.940000;
21600;188.250000;207.730000;223.270000;193.090000;
21700;266.690000;199.500000;194.670000;191.930000;
21800;201.510000;199.050000;224.380000;191.430000;
21900;320.260000;223.810000;202.720000;667.700000;
22000;278.070000;270.590000;305.480000;451.590000;
22100;206.680000;204.650000;238.310000;195.850000;
22200;283.120000;218.930000;227.210000;207.880000;
22300;286.680000;211.070000;200.210000;260.640000;
22400;244.790000;201.090000;224.990000;238.380000;
22500;233.750000;220.140000;203.610000;230.920000;
22600;223.710000;208.820000;228.330000;231.350000;
22700;301.780000;262.120000;347.300000;234.000000;
22800;247.730000;333.030000;232.580000;352.700000;
22900;230.420000;281.180000;202.750000;220.720000;
23000;283.490000;297.840000;222.270000;210.870000;
23100;302.650000;216.020000;552.690000;361.990000;
23200;237.530000;284.520000;235.880000;396.750000;
23300;215.400000;208.510000;205.260000;236.640000;
23400;272.530000;349.740000;220.140000;210.460000;
23500;226.430000;226.300000;189.500000;243.140000;
23600;206.670000;209.090000;217.350000;226.170000;
23700;207.130000;219.750000;201.470000;215.320000;
23800;218.510000;199.950000;215.730000;218.170000;
23900;222.670000;195.280000;190.110000;215.470000;
24000;347.570000;226.530000;219.570000;239.790000;
24100;260.970000;306.560000;247.560000;484.790000;
24200;392.550000;484.970000;546.150000;316.580000;
24300;273.540000;251.780000;194.300000;309.030000;
24400;475.410000;195.180000;216.480000;235.740000;
24500;216.270000;189.550000;191.210000;213.940000;
24600;229.750000;195.910000;211.970000;331.100000;
24700;512.190000;604.220000;193.360000;252.450000;
24800;262.990000;196.780000;212.810000;271.880000;
24900;227.020000;235.520000;278.970000;238.530000;
25000;223.130000;222.740000;229.240000;221.860000;
25100;387.850000;217.560000;195.420000;234.980000;
25200;224.550000;210.180000;220.540000;208.210000;
25300;210.120000;197.370000;193.460000;211.960000;
25400;208.140000;195.610000;217.890000;206.720000;
25500;202.380000;192.370000;192.210000;205.570000;
25600;223.150000;195.880000;214.750000;228.680000;
25700;207.160000;192.950000;191.090000;213.960000;
25800;210.990000;194.780000;218.860000;206.020000;
25900;307.930000;219.220000;209.510000;227.000000;
26000;381.660000;204.240000;326.400000;228.920000;
26100;270.500000;221.740000;200.370000;285.770000;
26200;248.790000;321.580000;256.270000;221.260000;
26300;210.680000;192.110000;188.990000;351.510000;
26400;208.950000;193.210000;215.710000;209.070000;
26500;633.520000;230.360000;203.560000;261.640000;
26600;297.660000;258.080000;230.420000;227.130000;
26700;460.050000;204.540000;197.790000;423.270000;
26800;223.780000;197.570000;279.950000;211.600000;
26900;294.120000;197.750000;191.170000;220.460000;
27000;228.370000;211.610000;222.420000;216.900000;
27100;229.120000;213.850000;190.470000;225.730000;
27200;212.070000;197.870000;217.840000;214.270000;
27300;220.980000;194.290000;198.870000;217.920000;
27400;338.460000;192.790000;215.250000;221.280000;
27500;209.920000;203.430000;185.210000;205.470000;
27600;218.890000;214.610000;227.810000;206.710000;
27700;373.420000;249.030000;251.920000;239.810000;
27800;265.690000;230.540000;231.580000;434.380000;
27900;449.170000;271.920000;190.580000;246.860000;
28000;220.770000;190.830000;428.900000;232.680000;
28100;512.520000;215.100000;185.300000;213.070000;
28200;341.710000;324.080000;215.080000;265.540000;
28300;381.490000;230.740000;212.090000;235.330000;
28400;242.980000;198.640000;223.740000;225.080000;
28500;356.890000;196.470000;193.100000;219.100000;
28600;230.980000;189.600000;222.540000;210.300000;
28700;238.790000;188.250000;182.030000;225.210000;
28800;372.180000;222.590000;234.210000;221.370000;
28900;228.530000;192.290000;182.230000;214.520000;
29000;219.200000;192.530000;218.390000;204.270000;
29100;207.800000;183.640000;182.490000;204.230000;
29200;224.020000;189.500000;213.680000;204.740000;
29300;315.110000;228.950000;189.130000;222.900000;
29400;274.100000;196.450000;214.020000;301.080000;
29500;283.570000;491.060000;182.980000;575.350000;
29600;432.150000;184.670000;463.550000;273.500000;
29700;229.210000;184.820000;180.290000;225.280000;
29800;484.730000;291.810000;283.820000;244.100000;
29900;250.620000;301.710000;183.960000;229.350000;
30000;280.300000;457.440000;262.500000;223.090000;
30100;223.890000;185.650000;194.550000;228.600000;
30200;227.690000;235.230000;257.990000;221.600000;
30300;209.820000;188.210000;180.100000;204.580000;
30400;228.490000;190.500000;208.630000;204.170000;
30500;209.190000;181.090000;180.790000;195.710000;
30600;211.310000;183.210000;220.450000;198.930000;
30700;212.390000;224.320000;381.590000;251.160000;
30800;203.190000;188.820000;211.790000;195.680000;
30900;282.300000;201.110000;183.490000;251.000000;
31000;332.880000;209.550000;313.460000;265.040000;
31100;363.410000;297.950000;220.800000;544.520000;
31200;227.260000;224.000000;226.280000;275.270000;
31300;354.070000;237.210000;535.450000;242.750000;
31400;393.170000;210.800000;269.080000;488.020000;
31500;220.490000;274.580000;191.060000;216.820000;
31600;253.650000;228.650000;237.720000;211.920000;
31700;330.820000;227.830000;205.940000;206.770000;
31800;229.020000;223.680000;383.400000;211.190000;
31900;287.630000;210.670000;196.040000;207.610000;
32000;297.090000;197.510000;210.820000;259.020000;
32100;236.360000;210.830000;197.250000;201.960000;
32200;207.020000;225.520000;219.110000;205.070000;
32300;208.780000;218.890000;195.730000;249.390000;
32400;302.530000;228.600000;223.920000;420.560000;
32500;286.780000;238.010000;199.300000;360.030000;
32600;237.210000;202.880000;223.470000;215.370000;
32700;218.160000;194.800000;200.610000;241.880000;
32800;315.890000;278.200000;355.450000;341.460000;
32900;262.740000;282.160000;194.420000;236.400000;
33000;224.740000;206.290000;223.510000;222.990000;
33100;238.080000;210.230000;191.440000;219.230000;
33200;210.860000;202.400000;313.780000;210.200000;
33300;334.660000;193.620000;183.770000;197.260000;
33400;233.770000;194.050000;211.360000;196.480000;
33500;194.610000;186.190000;180.380000;235.630000;
33600;194.370000;184.800000;236.670000;234.850000;
33700;204.560000;186.490000;182.540000;203.170000;
33800;383.820000;206.520000;210.080000;256.190000;
33900;367.820000;203.470000;183.010000;236.320000;
34000;260.770000;278.100000;232.930000;218.010000;
34100;204.930000;182.720000;182.160000;199.960000;
34200;738.220000;202.560000;215.560000;304.160000;
34300;230.670000;230.010000;209.910000;241.050000;
34400;296.050000;198.420000;211.330000;331.840000;
34500;602.620000;225.140000;186.880000;210.520000;
34600;204.480000;184.480000;207.070000;198.300000;
34700;202.910000;183.240000;333.140000;196.890000;
34800;201.680000;222.470000;246.370000;229.650000;
34900;197.720000;183.610000;180.290000;197.330000;
35000;191.390000;181.590000;207.750000;194.610000;
35100;196.970000;185.400000;180.730000;260.750000;
35200;289.360000;418.950000;209.940000;630.220000;
35300;253.680000;222.140000;245.660000;211.770000;
35400;233.210000;375.050000;208.880000;348.520000;
35500;295.850000;274.100000;178.290000;346.510000;
35600;228.350000;179.510000;204.670000;201.500000;
35700;241.930000;206.530000;664.290000;205.170000;
35800;256.570000;213.570000;217.810000;194.930000;
35900;208.860000;207.330000;191.150000;231.170000;
36000;208.480000;194.330000;215.460000;508.980000;
36100;184.630000;178.020000;175.440000;225.030000;
36200;218.600000;199.160000;209.600000;190.800000;
36300;184.010000;200.350000;177.320000;216.750000;
36400;197.000000;197.030000;208.980000;231.360000;
36500;298.930000;320.550000;189.890000;388.930000;
36600;298.870000;213.210000;223.230000;223.780000;
36700;630.350000;202.680000;413.290000;204.770000;
36800;301.470000;338.390000;214.640000;208.700000;
36900;253.200000;193.420000;184.180000;205.910000;
37000;218.530000;208.090000;216.840000;356.330000;
37100;238.210000;200.610000;183.210000;220.390000;
37200;221.780000;234.100000;211.860000;332.440000;
37300;194.090000;184.810000;172.650000;194.860000;
37400;220.740000;178.250000;393.690000;186.060000;
37500;194.440000;176.190000;174.070000;221.180000;
37600;189.430000;173.040000;197.810000;218.250000;
37700;195.820000;174.170000;171.760000;208.790000;
37800;279.170000;195.260000;205.710000;223.750000;
37900;410.300000;196.020000;178.840000;524.510000;
38000;288.040000;209.190000;402.200000;225.310000;
38100;1231.080000;188.740000;210.020000;220.880000;
38200;221.700000;186.970000;211.890000;210.920000;
38300;245.400000;443.680000;182.780000;210.190000;
38400;257.040000;187.400000;210.280000;436.260000;
38500;217.820000;190.440000;200.750000;276.340000;
38600;202.920000;186.390000;205.440000;199.740000;
38700;195.040000;183.260000;180.640000;232.810000;
38800;349.700000;188.010000;210.800000;199.370000;
38900;201.730000;225.840000;211.120000;231.750000;
39000;279.210000;208.690000;210.390000;213.890000;
39100;288.800000;203.900000;186.590000;567.310000;
39200;450.750000;255.790000;220.100000;234.540000;
39300;325.600000;551.590000;416.140000;210.660000;
39400;226.280000;226.510000;240.990000;209.510000;
39500;259.680000;198.820000;281.790000;204.260000;
39600;224.550000;192.770000;221.090000;203.500000;
39700;217.870000;190.970000;187.330000;201.720000;
39800;250.080000;223.550000;244.420000;206.100000;
39900;199.760000;221.820000;196.220000;238.250000;
40000;206.220000;199.320000;220.390000;246.390000;
40100;207.680000;186.660000;184.070000;198.560000;
40200;351.860000;265.710000;215.900000;253.890000;
40300;373.840000;306.420000;205.030000;260.610000;
40400;316.450000;241.040000;508.890000;361.590000;
40500;340.530000;212.160000;194.040000;381.490000;
40600;268.260000;205.450000;222.050000;216.200000;
40700;248.760000;219.040000;192.990000;212.760000;
40800;219.700000;204.440000;218.000000;239.280000;
40900;562.170000;313.860000;193.300000;207.060000;
41000;230.240000;193.130000;216.560000;204.680000;
41100;211.700000;209.650000;200.260000;216.670000;
41200;224.600000;196.030000;217.070000;204.280000;
41300;296.310000;230.060000;186.220000;277.980000;
41400;408.540000;403.900000;211.410000;507.990000;
41500;681.260000;206.030000;295.430000;241.130000;
41600;301.440000;446.150000;306.300000;239.860000;
41700;247.900000;198.940000;293.070000;223.730000;
41800;251.670000;197.400000;287.780000;215.980000;
41900;217.880000;187.820000;185.380000;207.560000;
42000;233.280000;187.120000;211.070000;258.090000;
42100;207.270000;185.570000;182.900000;205.730000;
42200;204.190000;186.660000;210.790000;230.430000;
42300;204.300000;188.250000;187.240000;215.580000;
42400;271.620000;203.340000;213.620000;240.360000;
42500;384.160000;202.260000;184.040000;291.260000;
42600;304.400000;205.960000;211.010000;395.060000;
42700;560.540000;436.890000;179.130000;518.570000;
42800;397.530000;182.800000;300.140000;264.170000;
42900;240.540000;187.030000;235.810000;221.210000;
43000;215.530000;225.900000;241.660000;236.640000;
43100;200.470000;183.850000;178.190000;206.320000;
43200;199.950000;181.340000;207.400000;202.640000;
43300;187.500000;178.430000;176.750000;217.980000;
43400;196.740000;177.890000;203.640000;214.780000;
43500;410.670000;236.940000;255.330000;539.630000;
43600;368.280000;205.870000;215.060000;228.230000;
43700;408.130000;212.990000;254.050000;219.500000;
43800;277.180000;205.350000;223.250000;223.730000;
43900;267.430000;229.600000;215.660000;874.570000;
44000;347.190000;242.530000;239.110000;235.250000;
44100;230.280000;219.170000;527.970000;236.730000;
44200;223.250000;202.420000;220.830000;225.160000;
44300;205.710000;193.000000;190.460000;237.650000;
44400;246.560000;224.200000;231.160000;214.960000;
44500;211.960000;232.130000;203.810000;212.080000;
44600;367.450000;237.750000;231.150000;227.150000;
44700;434.310000;219.130000;367.550000;231.140000;
44800;653.690000;288.710000;263.650000;475.130000;
44900;279.670000;240.360000;212.410000;244.780000;
45000;308.270000;239.380000;234.940000;301.060000;
45100;251.950000;209.040000;197.850000;216.390000;
45200;225.650000;422.710000;230.730000;230.020000;
45300;236.990000;210.000000;196.860000;213.570000;
45400;218.680000;244.850000;261.340000;450.800000;
45500;212.570000;222.890000;217.960000;228.930000;
45600;354.540000;237.320000;236.640000;570.660000;
45700;305.680000;219.790000;200.840000;214.930000;
45800;618.810000;434.810000;511.660000;228.660000;
45900;271.830000;225.050000;469.650000;217.420000;
46000;241.550000;214.050000;414.500000;208.780000;
46100;257.700000;300.020000;203.500000;210.700000;
46200;229.720000;208.220000;233.830000;210.870000;
46300;210.280000;204.970000;203.470000;210.180000;
46400;199.400000;203.380000;229.030000;208.490000;
46500;216.990000;201.240000;199.810000;256.880000;
46600;756.020000;228.180000;554.700000;227.660000;
46700;271.180000;403.240000;204.370000;229.480000;
46800;350.620000;294.620000;502.950000;217.330000;
46900;359.550000;419.190000;209.140000;215.230000;
47000;563.320000;347.960000;232.860000;259.390000;
47100;243.800000;223.390000;213.780000;207.450000;
47200;231.300000;263.870000;233.570000;230.480000;
47300;216.990000;200.220000;199.900000;205.140000;
47400;211.440000;202.970000;229.270000;246.650000;
47500;230.170000;202.260000;200.150000;242.610000;
47600;322.760000;238.730000;250.660000;239.820000;
47700;296.390000;340.730000;221.420000;289.690000;
47800;320.860000;215.940000;232.540000;591.150000;
47900;353.870000;281.480000;200.680000;231.250000;
48000;663.390000;283.650000;232.030000;222.670000;
48100;360.260000;296.490000;211.890000;214.480000;
48200;221.530000;209.420000;226.530000;203.260000;
48300;217.570000;198.330000;194.720000;199.960000;
48400;211.170000;196.180000;222.860000;200.440000;
48500;220.050000;218.010000;212.460000;203.330000;
48600;440.630000;283.750000;230.180000;213.000000;
48700;384.360000;234.600000;188.090000;204.900000;
48800;425.620000;236.190000;564.090000;230.970000;
48900;371.650000;228.010000;382.410000;652.980000;
49000;303.270000;295.540000;237.210000;813.310000;
49100;256.260000;253.050000;204.070000;234.680000;
49200;237.450000;203.000000;223.300000;195.280000;
49300;238.740000;321.240000;219.710000;247.200000;
49400;256.440000;205.760000;222.950000;235.430000;
49500;316.880000;236.360000;208.450000;213.470000;
49600;303.730000;227.040000;230.480000;211.570000;
49700;315.110000;226.490000;258.330000;214.740000;
49800;284.210000;227.200000;320.150000;238.470000;
49900;313.070000;249.750000;214.180000;216.180000;
50000;263.120000;216.530000;236.180000;230.820000;
50100;232.240000;205.210000;201.100000;434.750000;
50200;234.710000;206.020000;230.940000;206.710000;
50300;240.120000;210.630000;201.870000;210.890000;
50400;301.840000;223.080000;227.830000;294.200000;
50500;808.730000;221.570000;206.500000;219.600000;
50600;317.070000;217.630000;234.730000;505.180000;
50700;340.660000;236.730000;276.250000;235.240000;
50800;323.390000;221.040000;230.960000;724.960000;
50900;266.320000;211.040000;208.310000;215.520000;
51000;237.930000;202.850000;230.310000;208.780000;
51100;220.010000;202.070000;201.520000;206.070000;
51200;237.380000;204.300000;595.400000;211.040000;
51300;295.220000;208.320000;197.960000;219.650000;
51400;266.590000;208.920000;224.790000;207.080000;
51500;305.030000;213.050000;200.920000;214.600000;
51600;1212.360000;219.090000;232.730000;261.040000;
51700;451.990000;238.420000;213.720000;234.820000;
51800;545.250000;553.020000;239.120000;249.700000;
51900;251.110000;468.300000;205.920000;233.590000;
52000;229.390000;208.170000;226.500000;212.520000;
52100;219.660000;204.100000;202.680000;295.820000;
52200;300.580000;238.770000;243.100000;222.810000;
52300;289.640000;447.470000;416.130000;281.270000;
52400;617.260000;212.810000;226.800000;211.270000;
52500;275.980000;212.700000;522.840000;209.090000;
52600;268.450000;223.230000;353.360000;444.370000;
52700;361.550000;218.160000;199.620000;208.780000;
52800;237.870000;219.230000;240.230000;198.480000;
52900;215.760000;205.330000;204.190000;222.200000;
53000;234.750000;198.300000;221.630000;187.360000;
53100;286.390000;222.200000;198.320000;185.560000;
53200;276.130000;216.740000;221.600000;183.460000;
53300;568.330000;618.560000;265.290000;449.020000;
53400;486.460000;228.560000;234.910000;221.450000;
53500;695.220000;211.820000;204.950000;504.570000;
53600;487.690000;218.060000;233.130000;216.500000;
53700;234.580000;203.250000;192.530000;196.960000;
53800;219.340000;193.150000;219.410000;197.280000;
53900;568.830000;210.710000;194.020000;209.930000;
54000;299.550000;217.500000;230.770000;223.640000;
54100;305.640000;209.830000;196.980000;213.740000;
54200;392.170000;238.250000;607.690000;213.960000;
54300;338.020000;219.890000;204.830000;212.690000;
54400;309.180000;236.260000;237.380000;210.420000;
54500;268.790000;224.360000;282.540000;232.550000;
54600;251.060000;210.540000;232.080000;223.390000;
54700;236.530000;208.300000;203.930000;212.030000;
54800;321.230000;225.430000;240.000000;219.570000;
54900;571.910000;224.520000;208.580000;222.090000;
55000;434.770000;225.830000;401.250000;224.390000;
55100;313.220000;256.460000;524.400000;222.730000;
55200;295.260000;220.120000;235.150000;238.360000;
55300;492.370000;218.200000;210.040000;221.190000;
55400;383.060000;216.400000;232.440000;236.130000;
55500;239.340000;215.380000;212.290000;219.220000;
55600;284.120000;213.100000;231.450000;216.340000;
55700;394.150000;223.770000;478.080000;267.150000;
55800;302.030000;235.810000;243.940000;228.330000;
55900;308.180000;235.260000;290.110000;218.310000;
56000;294.510000;217.290000;234.540000;218.050000;
56100;259.280000;266.040000;206.780000;214.110000;
56200;267.080000;210.050000;245.050000;226.230000;
56300;230.260000;227.390000;219.370000;212.770000;
56400;279.960000;221.090000;237.690000;222.960000;
56500;294.460000;212.600000;202.160000;212.450000;
56600;353.050000;227.660000;305.430000;223.680000;
56700;300.800000;240.500000;215.450000;210.410000;
56800;327.430000;231.880000;231.670000;196.880000;
56900;346.330000;227.500000;217.790000;197.610000;
57000;241.220000;213.030000;234.390000;232.510000;
57100;246.770000;207.770000;202.770000;198.380000;
57200;421.940000;227.010000;295.260000;186.150000;
57300;540.330000;296.180000;249.720000;190.710000;
57400;321.140000;221.310000;223.080000;497.730000;
57500;427.420000;234.760000;215.840000;358.470000;
57600;286.890000;222.920000;235.120000;196.500000;
57700;264.700000;210.400000;203.530000;247.350000;
57800;230.810000;205.550000;228.400000;226.570000;
57900;240.950000;208.800000;205.210000;213.410000;
58000;264.060000;224.590000;237.330000;231.730000;
58100;367.360000;413.710000;211.950000;741.480000;
58200;861.880000;242.110000;236.080000;619.710000;
58300;315.800000;222.270000;210.900000;215.000000;
58400;308.570000;219.320000;366.440000;252.300000;
58500;247.610000;216.420000;207.400000;192.490000;
58600;333.420000;221.060000;232.180000;234.170000;
58700;257.640000;208.260000;217.820000;228.360000;
58800;278.190000;211.630000;231.800000;225.680000;
58900;305.190000;215.950000;201.860000;294.650000;
59000;336.190000;267.860000;229.760000;212.100000;
59100;591.090000;213.440000;213.930000;210.240000;
59200;309.660000;331.960000;231.490000;200.140000;
59300;250.220000;210.080000;208.600000;234.740000;
59400;245.510000;206.210000;321.240000;196.660000;
59500;238.020000;205.260000;201.600000;191.480000;
59600;289.160000;216.360000;324.250000;236.520000;
59700;294.650000;212.920000;202.870000;227.000000;
59800;336.270000;227.600000;234.970000;329.570000;
59900;326.910000;241.320000;505.350000;219.520000;
60000;285.510000;230.290000;240.470000;276.870000;
60100;272.630000;217.370000;211.380000;303.170000;
60200;244.600000;212.380000;230.060000;216.570000;
60300;233.390000;209.050000;207.550000;214.540000;
60400;269.270000;240.040000;247.970000;214.160000;
60500;429.180000;249.300000;288.930000;577.520000;
60600;345.430000;236.580000;303.990000;230.410000;
60700;313.870000;213.720000;205.250000;213.150000;
60800;299.350000;213.180000;651.250000;203.990000;
60900;254.810000;228.610000;211.060000;471.130000;
61000;245.680000;223.940000;555.740000;190.530000;
61100;243.120000;203.340000;199.960000;184.140000;
61200;277.010000;265.980000;225.130000;183.720000;
61300;300.840000;230.260000;211.610000;192.530000;
61400;322.490000;218.320000;228.100000;184.650000;
61500;297.450000;210.180000;193.190000;271.310000;
61600;301.540000;235.080000;242.580000;373.000000;
61700;238.810000;220.560000;206.030000;428.270000;
61800;404.280000;216.600000;284.270000;236.560000;
61900;276.980000;218.410000;192.010000;199.390000;
62000;280.060000;203.930000;220.510000;186.280000;
62100;297.260000;237.960000;209.320000;233.270000;
62200;416.400000;226.550000;303.800000;196.600000;
62300;364.040000;210.940000;194.450000;187.510000;
62400;329.110000;208.430000;221.780000;193.340000;
62500;247.160000;205.210000;194.860000;186.350000;
62600;609.100000;236.020000;243.760000;187.880000;
62700;304.420000;222.490000;200.030000;189.170000;
62800;297.980000;205.370000;880.500000;281.010000;
62900;618.780000;202.540000;192.610000;248.300000;
63000;286.400000;200.920000;218.250000;228.610000;
63100;281.010000;254.750000;188.170000;204.220000;
63200;248.400000;195.330000;216.320000;191.120000;
63300;278.530000;206.650000;194.230000;191.090000;
63400;277.160000;209.630000;223.300000;262.400000;
63500;333.420000;578.460000;198.550000;258.070000;
63600;302.940000;208.310000;237.640000;198.050000;
63700;288.010000;255.600000;196.710000;274.900000;
63800;286.460000;215.850000;231.390000;303.790000;
63900;254.810000;201.310000;199.250000;229.950000;
64000;293.530000;203.180000;224.920000;208.800000;
64100;350.410000;214.240000;194.660000;241.770000;
64200;283.910000;204.520000;218.380000;231.440000;
64300;309.570000;213.630000;192.670000;239.330000;
64400;284.610000;204.640000;222.390000;242.400000;
64500;296.990000;254.690000;235.930000;205.990000;
64600;247.780000;212.190000;224.060000;238.690000;
64700;259.190000;202.330000;190.900000;207.000000;
64800;265.640000;208.270000;220.000000;196.060000;
64900;281.860000;1646.370000;200.830000;195.630000;
65000;297.760000;470.670000;263.050000;445.340000;
65100;292.410000;213.700000;199.520000;188.120000;
65200;347.690000;204.210000;225.300000;191.820000;
65300;290.640000;203.160000;198.490000;547.360000;
65400;266.840000;246.910000;266.620000;188.440000;
65500;298.760000;238.950000;217.810000;270.140000;
65600;293.800000;229.950000;233.170000;262.160000;
65700;307.840000;220.940000;199.650000;469.080000;
65800;308.740000;217.150000;225.180000;275.920000;
65900;296.120000;210.610000;196.610000;188.430000;
66000;274.920000;202.230000;224.230000;449.740000;
66100;256.280000;203.470000;193.830000;182.910000;
66200;285.310000;246.780000;257.390000;273.040000;
66300;284.050000;458.250000;201.790000;272.490000;
66400;312.380000;317.210000;288.470000;203.450000;
66500;313.440000;214.550000;443.250000;569.800000;
66600;298.250000;213.790000;224.180000;193.050000;
66700;254.200000;239.080000;341.170000;189.370000;
66800;262.790000;208.400000;227.070000;193.840000;
66900;282.570000;204.700000;193.250000;269.700000;
67000;272.580000;205.110000;223.960000;249.130000;
67100;319.540000;209.060000;193.260000;200.680000;
67200;308.810000;250.430000;258.540000;194.470000;
67300;294.060000;229.240000;196.690000;202.860000;
67400;553.810000;205.530000;290.250000;190.400000;
67500;252.930000;247.990000;196.030000;184.660000;
67600;296.180000;207.660000;227.430000;188.880000;
67700;288.750000;205.920000;195.330000;185.950000;
67800;302.490000;203.340000;223.850000;526.730000;
67900;297.450000;209.930000;283.110000;198.340000;
68000;336.270000;202.280000;221.090000;261.390000;
68100;290.510000;204.910000;195.600000;200.570000;
68200;258.500000;202.930000;222.780000;592.940000;
68300;392.770000;208.260000;204.510000;206.730000;
68400;275.740000;204.820000;222.660000;191.540000;
68500;284.450000;202.750000;193.480000;258.000000;
68600;298.460000;303.090000;255.730000;196.440000;
68700;266.870000;211.780000;200.580000;189.700000;
68800;292.600000;212.120000;439.790000;192.290000;
68900;267.800000;198.780000;554.840000;382.330000;
69000;261.650000;203.120000;217.410000;187.670000;
69100;276.890000;252.610000;231.050000;382.060000;
69200;270.020000;219.640000;229.750000;196.060000;
69300;281.440000;212.370000;200.950000;195.840000;
69400;296.490000;270.060000;227.990000;191.060000;
69500;297.260000;252.170000;240.700000;275.230000;
69600;297.410000;242.480000;248.910000;251.250000;
69700;277.540000;237.610000;215.880000;263.220000;
69800;663.440000;217.310000;287.120000;206.720000;
69900;289.800000;202.100000;194.250000;190.210000;
70000;293.950000;211.000000;221.750000;192.610000;
70100;289.510000;202.700000;191.660000;187.830000;
70200;291.790000;223.170000;217.270000;184.460000;
70300;280.550000;237.230000;233.150000;196.870000;
70400;295.450000;248.360000;349.420000;279.440000;
70500;315.030000;228.390000;206.590000;194.540000;
70600;350.890000;285.290000;229.870000;334.250000;
70700;293.920000;210.760000;197.360000;593.110000;
70800;286.420000;253.760000;248.900000;193.650000;
70900;269.630000;211.430000;195.870000;190.390000;
71000;299.560000;269.850000;221.180000;275.840000;
71100;282.790000;206.770000;307.030000;199.960000;
71200;337.320000;214.340000;220.190000;196.980000;
71300;490.600000;244.060000;293.640000;195.600000;
71400;293.490000;213.070000;222.080000;186.010000;
71500;290.040000;206.200000;568.860000;190.870000;
71600;287.810000;207.800000;536.500000;193.850000;
71700;368.940000;211.100000;195.750000;194.650000;
71800;318.250000;216.090000;224.060000;192.250000;
71900;296.210000;206.440000;193.240000;189.360000;
72000;379.460000;204.360000;221.210000;183.620000;
72100;269.610000;201.670000;192.780000;274.900000;
72200;331.500000;221.690000;229.620000;487.280000;
72300;316.820000;218.270000;198.770000;197.260000;
72400;341.760000;218.640000;404.680000;196.430000;
72500;483.500000;201.300000;194.660000;186.800000;
72600;289.500000;207.910000;280.830000;276.650000;
72700;270.110000;296.340000;360.660000;275.970000;
72800;290.120000;220.630000;229.220000;202.520000;
72900;298.180000;206.540000;197.330000;192.070000;
73000;315.510000;413.540000;217.430000;189.230000;
73100;275.830000;209.170000;195.740000;189.890000;
73200;281.370000;564.820000;263.950000;280.090000;
73300;269.880000;221.870000;200.480000;197.820000;
73400;288.570000;208.570000;222.410000;191.900000;
73500;394.230000;212.380000;197.440000;275.680000;
73600;323.950000;211.320000;221.880000;255.450000;
73700;317.850000;254.530000;238.410000;263.420000;
73800;284.320000;218.810000;225.160000;245.340000;
73900;297.780000;209.090000;405.600000;439.060000;
74000;284.670000;204.780000;219.310000;488.120000;
74100;293.500000;201.480000;192.410000;191.410000;
74200;318.910000;200.950000;252.950000;187.470000;
74300;292.400000;218.730000;195.460000;271.920000;
74400;267.830000;235.280000;252.350000;190.290000;
74500;273.470000;221.410000;211.060000;256.600000;
74600;294.800000;222.270000;230.730000;559.140000;
74700;296.300000;219.490000;197.980000;261.620000;
74800;322.250000;217.670000;221.930000;518.790000;
74900;295.830000;304.390000;280.560000;252.880000;
75000;282.980000;210.760000;220.270000;195.910000;
75100;322.080000;202.470000;190.840000;188.950000;
75200;280.620000;206.730000;262.610000;188.930000;
75300;434.260000;210.910000;191.630000;184.820000;
75400;303.010000;600.370000;246.750000;185.330000;
75500;300.070000;448.180000;189.630000;260.220000;
75600;599.460000;208.180000;235.910000;200.640000;
75700;268.780000;204.100000;196.240000;199.790000;
75800;290.580000;205.020000;222.000000;188.060000;
75900;295.710000;209.650000;194.700000;267.820000;
76000;320.160000;216.890000;222.680000;204.090000;
76100;286.220000;206.530000;198.670000;192.580000;
76200;820.230000;208.290000;278.850000;282.940000;
76300;311.940000;219.140000;201.800000;206.220000;
76400;275.560000;220.270000;223.530000;192.370000;
76500;301.280000;214.290000;200.940000;194.650000;
76600;737.970000;430.310000;854.910000;410.940000;
76700;289.790000;205.040000;197.530000;189.130000;
76800;365.050000;203.160000;222.500000;277.080000;
76900;286.660000;202.680000;195.800000;193.200000;
77000;285.940000;204.440000;223.700000;189.290000;
77100;289.420000;204.940000;194.270000;267.520000;
77200;283.890000;205.540000;222.760000;195.420000;
77300;310.740000;264.090000;451.820000;282.710000;
77400;283.110000;425.750000;232.290000;288.060000;
77500;492.260000;213.210000;201.790000;271.320000;
77600;320.510000;213.050000;226.360000;253.200000;
77700;321.360000;216.020000;203.240000;247.410000;
77800;464.010000;253.700000;259.090000;251.210000;
77900;364.470000;228.300000;203.720000;247.300000;
78000;269.540000;203.150000;224.960000;500.490000;
78100;364.850000;198.000000;191.450000;207.320000;
78200;467.560000;209.360000;223.600000;197.940000;
78300;336.930000;209.840000;197.500000;257.900000;
78400;319.940000;249.970000;255.760000;311.530000;
78500;332.320000;240.000000;219.040000;216.010000;
78600;273.880000;429.050000;231.830000;254.820000;
78700;302.210000;230.480000;212.640000;745.770000;
78800;314.150000;221.110000;236.790000;466.140000;
78900;352.910000;236.360000;202.660000;261.950000;
79000;313.260000;471.810000;261.440000;293.740000;
79100;707.740000;235.640000;206.950000;266.180000;
79200;295.220000;212.140000;226.370000;214.370000;
79300;305.270000;218.220000;198.330000;194.800000;
79400;292.820000;215.950000;240.050000;435.020000;
79500;323.620000;256.920000;228.920000;195.340000;
79600;409.620000;217.770000;228.060000;268.780000;
79700;322.820000;210.860000;195.860000;276.550000;
79800;280.000000;207.510000;223.510000;196.800000;
79900;680.090000;209.670000;195.570000;260.540000;
80000;354.220000;1424.310000;256.320000;251.170000;
80100;302.670000;307.330000;198.530000;207.300000;
80200;298.190000;207.890000;222.350000;195.460000;
80300;306.110000;212.500000;197.660000;196.220000;
80400;320.030000;206.800000;281.460000;192.860000;
80500;279.200000;363.330000;198.040000;587.200000;
80600;270.380000;199.840000;219.210000;186.430000;
80700;552.060000;203.590000;191.590000;268.840000;
80800;296.080000;211.180000;219.660000;202.220000;
80900;769.400000;208.950000;195.200000;257.380000;
81000;294.350000;205.410000;358.110000;205.150000;
81100;260.010000;209.180000;200.530000;259.880000;
81200;282.330000;204.760000;223.640000;247.830000;
81300;307.930000;213.360000;199.430000;220.750000;
81400;299.790000;263.850000;266.230000;529.450000;
81500;691.190000;229.910000;204.180000;249.430000;
81600;398.160000;244.110000;226.450000;264.760000;
81700;312.300000;216.660000;262.870000;248.360000;
81800;298.040000;269.750000;223.610000;242.180000;
81900;323.410000;257.110000;233.150000;259.850000;
82000;323.790000;230.900000;231.660000;253.570000;
82100;400.550000;226.560000;199.760000;242.530000;
82200;298.690000;207.580000;224.190000;532.330000;
82300;298.390000;212.350000;204.240000;262.880000;
82400;317.990000;215.390000;228.390000;256.310000;
82500;316.770000;253.420000;233.050000;537.660000;
82600;746.020000;508.180000;310.830000;224.880000;
82700;462.290000;245.430000;433.870000;268.420000;
82800;293.870000;233.230000;245.610000;250.000000;
82900;292.270000;219.680000;206.370000;253.270000;
83000;336.610000;211.530000;221.800000;244.230000;
83100;321.360000;257.650000;285.530000;870.900000;
83200;313.270000;231.970000;243.090000;240.900000;
83300;386.050000;227.400000;207.930000;212.610000;
83400;299.260000;225.280000;240.240000;192.510000;
83500;671.400000;205.960000;202.370000;255.860000;
83600;330.120000;306.850000;247.340000;210.070000;
83700;297.130000;211.040000;192.600000;243.760000;
83800;276.800000;387.780000;223.920000;210.150000;
83900;286.250000;202.990000;193.160000;249.890000;
84000;331.240000;213.340000;223.060000;241.380000;
84100;313.600000;249.900000;231.890000;245.450000;
84200;316.330000;223.380000;226.900000;481.160000;
84300;295.500000;213.450000;197.820000;198.730000;
84400;353.250000;200.870000;223.210000;192.490000;
84500;307.580000;206.740000;192.220000;187.460000;
84600;322.430000;208.860000;216.990000;194.060000;
84700;299.080000;206.500000;196.940000;270.390000;
84800;297.860000;210.950000;229.090000;258.840000;
84900;340.010000;209.280000;200.180000;218.700000;
85000;344.430000;220.050000;229.030000;312.980000;
85100;313.100000;217.310000;203.670000;259.090000;
85200;317.000000;214.330000;229.690000;245.950000;
85300;302.410000;215.140000;202.210000;248.390000;
85400;284.200000;208.650000;223.790000;222.300000;
85500;302.340000;315.630000;239.490000;471.280000;
85600;309.090000;228.540000;286.960000;258.280000;
85700;340.450000;215.140000;198.050000;250.440000;
85800;402.860000;209.940000;240.140000;255.670000;
85900;288.760000;209.850000;202.520000;514.790000;
86000;303.160000;251.310000;363.250000;252.970000;
86100;328.160000;230.050000;197.440000;560.950000;
86200;451.070000;501.990000;223.720000;237.310000;
86300;393.850000;262.850000;250.230000;663.690000;
86400;353.050000;240.110000;550.920000;235.330000;
86500;299.380000;219.440000;199.640000;240.390000;
86600;291.050000;240.420000;248.130000;514.420000;
86700;343.130000;236.230000;208.670000;240.140000;
86800;331.910000;225.590000;237.630000;239.600000;
86900;285.970000;277.430000;208.870000;295.110000;
87000;297.570000;216.050000;226.960000;231.150000;
87100;297.170000;382.620000;233.720000;248.080000;
87200;603.820000;292.790000;251.850000;248.830000;
87300;302.020000;223.030000;208.800000;542.800000;
87400;658.320000;234.130000;542.620000;220.490000;
87500;334.240000;224.010000;206.480000;489.560000;
87600;301.230000;212.460000;227.480000;523.220000;
87700;311.920000;257.620000;235.800000;220.030000;
87800;334.830000;625.270000;230.630000;523.200000;
87900;290.320000;208.250000;200.670000;238.790000;
88000;633.820000;495.010000;225.680000;237.340000;
88100;316.900000;533.050000;202.240000;244.470000;
88200;320.440000;253.090000;256.600000;252.000000;
88300;314.570000;226.860000;200.030000;242.780000;
88400;301.420000;213.410000;225.880000;215.610000;
88500;299.160000;215.570000;199.200000;201.710000;
88600;335.950000;213.480000;223.980000;194.800000;
88700;339.480000;268.620000;360.190000;261.930000;
88800;309.060000;214.300000;429.740000;246.470000;
88900;291.600000;203.790000;192.710000;232.370000;
89000;295.600000;206.140000;218.990000;209.600000;
89100;307.910000;517.290000;192.420000;246.760000;
89200;306.180000;204.210000;218.810000;234.660000;
89300;312.890000;213.140000;192.370000;234.800000;
89400;277.550000;381.210000;386.730000;272.150000;
89500;274.550000;203.120000;191.720000;228.480000;
89600;304.230000;201.240000;430.150000;306.790000;
89700;334.170000;213.540000;195.530000;255.790000;
89800;319.460000;211.470000;221.160000;451.190000;
89900;318.240000;210.050000;206.270000;261.600000;
90000;295.260000;208.980000;217.610000;246.160000;
90100;308.010000;265.390000;233.690000;532.230000;
90200;333.100000;221.690000;233.550000;256.830000;
90300;305.790000;205.270000;190.740000;245.760000;
90400;294.230000;212.270000;217.410000;246.850000;
90500;292.520000;242.200000;225.410000;238.300000;
90600;298.460000;459.750000;222.510000;538.600000;
90700;320.280000;244.400000;220.670000;238.890000;
90800;308.210000;232.460000;239.590000;242.600000;
90900;294.110000;223.240000;211.790000;239.700000;
91000;315.090000;234.450000;242.370000;305.480000;
91100;306.990000;220.990000;208.010000;253.780000;
91200;326.010000;249.580000;263.090000;285.430000;
91300;298.910000;233.410000;209.710000;707.130000;
91400;276.080000;214.300000;232.210000;564.950000;
91500;322.080000;237.930000;211.260000;245.900000;
91600;319.240000;655.310000;231.070000;243.120000;
91700;319.930000;207.620000;195.660000;234.570000;
91800;318.620000;245.260000;252.100000;213.870000;
91900;290.910000;223.770000;206.560000;261.140000;
92000;313.910000;572.280000;223.270000;257.650000;
92100;323.900000;219.170000;200.100000;459.580000;
92200;334.890000;224.160000;226.730000;521.030000;
92300;305.890000;256.780000;230.250000;252.690000;
92400;298.510000;217.900000;228.330000;234.490000;
92500;744.340000;214.740000;421.790000;214.150000;
92600;296.420000;201.760000;221.570000;540.310000;
92700;325.840000;209.090000;191.310000;324.440000;
92800;331.630000;242.400000;314.170000;246.100000;
92900;318.070000;228.770000;411.020000;242.500000;
93000;333.460000;235.260000;299.350000;521.600000;
93100;293.940000;211.530000;200.610000;242.070000;
93200;332.930000;216.080000;230.560000;519.190000;
93300;315.040000;216.020000;196.450000;240.350000;
93400;274.300000;205.210000;224.080000;244.940000;
93500;303.220000;207.520000;252.800000;246.850000;
93600;570.780000;219.570000;229.930000;260.080000;
93700;318.990000;215.890000;210.380000;342.540000;
93800;469.790000;218.430000;226.440000;264.020000;
93900;329.460000;219.370000;207.510000;603.770000;
94000;335.550000;422.910000;614.550000;260.500000;
94100;312.180000;217.190000;201.640000;264.090000;
94200;327.830000;266.720000;276.200000;264.730000;
94300;334.760000;230.530000;201.580000;243.630000;
94400;303.380000;210.470000;224.150000;235.980000;
94500;314.860000;215.110000;211.420000;267.290000;
94600;324.330000;225.170000;232.480000;262.780000;
94700;318.330000;348.360000;255.070000;763.100000;
94800;725.360000;228.440000;293.460000;553.070000;
94900;317.570000;407.770000;198.970000;239.820000;
95000;361.870000;207.100000;302.200000;233.310000;
95100;522.380000;271.300000;245.620000;325.310000;
95200;393.960000;251.220000;259.440000;242.190000;
95300;306.390000;231.310000;440.330000;593.720000;
95400;323.840000;217.870000;232.680000;264.230000;
95500;319.340000;218.730000;681.800000;256.330000;
95600;313.880000;270.980000;481.140000;249.020000;
95700;445.460000;249.500000;228.840000;241.130000;
95800;318.180000;283.960000;249.370000;250.470000;
95900;310.830000;237.180000;216.430000;242.840000;
96000;323.310000;226.600000;226.130000;255.240000;
96100;352.610000;362.090000;235.010000;247.740000;
96200;313.210000;242.610000;246.950000;239.800000;
96300;326.330000;237.570000;331.690000;263.230000;
96400;415.020000;292.310000;627.670000;456.370000;
96500;341.070000;246.150000;220.560000;536.680000;
96600;327.080000;293.550000;246.470000;216.920000;
96700;404.600000;237.920000;220.170000;472.550000;
96800;368.810000;253.660000;256.950000;966.340000;
96900;350.800000;544.350000;543.290000;474.050000;
97000;328.330000;248.180000;256.910000;244.400000;
97100;642.740000;288.250000;220.050000;512.120000;
97200;326.550000;228.150000;452.160000;232.380000;
97300;638.710000;236.910000;212.000000;229.810000;
97400;353.990000;237.960000;298.410000;443.630000;
97500;315.610000;582.470000;224.750000;545.210000;
97600;292.410000;507.280000;315.300000;283.020000;
97700;338.790000;230.230000;276.890000;256.250000;
97800;524.690000;225.920000;238.110000;240.640000;
97900;674.570000;227.120000;268.720000;227.280000;
98000;326.880000;228.460000;238.780000;227.960000;
98100;307.460000;233.010000;275.270000;231.510000;
98200;334.920000;236.330000;246.050000;476.240000;
98300;318.810000;255.110000;233.070000;250.960000;
98400;347.750000;259.510000;256.750000;264.770000;
98500;361.510000;522.110000;225.930000;450.500000;
98600;314.410000;234.470000;244.370000;264.290000;
98700;399.700000;234.630000;210.130000;247.080000;
98800;304.730000;244.590000;246.200000;240.470000;
98900;360.320000;228.190000;200.800000;235.500000;
99000;322.560000;285.110000;237.640000;243.340000;
99100;361.430000;237.440000;200.500000;252.540000;
99200;654.740000;273.100000;231.890000;408.980000;
99300;342.280000;265.960000;234.790000;237.140000;
99400;560.020000;221.470000;227.280000;229.940000;
99500;384.670000;233.080000;201.380000;248.420000;
99600;296.020000;205.780000;226.280000;259.970000;
99700;409.970000;692.980000;239.550000;253.630000;
99800;745.640000;763.200000;730.700000;249.330000;
99900;344.970000;245.490000;409.460000;255.150000;
100000;285.140000;504.870000;242.480000;254.690000;
